date,username,Lemma,TextBlob,vaderSentiment,SWN
2022-02-13 00:38:03,mazzya6,  think two fold although sure far righters mix contrast two similar country five minute apart completely different covid mandate others protest federal mandate want mandate govern travel drop,Positive,Neutral,Positive
2022-02-13 00:38:02,Leanne00888573,  sick hear family member mine suffer heart failure day booster apparently one thing people suffer heart failure daily yet people apply logic covid face rolling eye covid death,Negative,Negative,Positive
2022-02-13 00:38:02,Georgie_D_101,  also determine unless look case whether yes fact covid factor mean recover crash also variation car accident level seriousness injury would different car accident case,Negative,Negative,Negative
2022-02-13 00:38:02,originalscout11,  denmark wrong count case death correctly denmark mm people mm virus almost go learn lie covid disappears time,Negative,Negative,Negative
2022-02-13 00:38:02,leadershipindex,  covid change way work via,Neutral,Neutral,Neutral
2022-02-13 00:38:01,UKLabour_Innit,  uk covid death fall one week yet uk labour party mp still demand lockdown wilt flower high heel shoe palestinian territory china,Positive,Neutral,Negative
2022-02-13 00:38:01,zabrilgom,  anoche empujaron algo de personas covid ya te siento,Neutral,Neutral,Neutral
2022-02-13 00:38:01,ActivistHat_,  case take precaution prevent covid infection personal benefit problem take precaution require take account people exist matter would rather die,Neutral,Negative,Negative
2022-02-13 00:38:01,TtnKolonyas3,  nakodumun covid testi negative se benim niye taraf r yo bo az ac yo alev alev yan om amk,Negative,Negative,Negative
2022-02-13 00:38:00,ENGINEER__28,  liberum anuncia que el pas covid cae en andaluc partir del martes ale covidianos seguir pinch ndose para renovar nada,Neutral,Neutral,Negative
2022-02-13 00:38:00,usapatrioteast2,  broad spectrum coronavirus fusion inhibitor combat covid emerge coronavirus disease,Positive,Neutral,Neutral
2022-02-13 00:38:00,Kathy85829752,  another planned effort make president biden fail put th effort fight covid death etc,Negative,Negative,Neutral
2022-02-13 00:38:00,ATL_Test_Watch,  covid test available today cv moreland avenue atlanta ga pm pm pm pm pm pm pm pm pm pm pm pm pm pm pm pm pm pm pm,Positive,Neutral,Positive
2022-02-13 00:38:00,ians_india,  delhi saturday report fresh covid infection last hour take overall caseload official say besides covid death also report take toll,Positive,Neutral,Negative
2022-02-13 00:38:00,Meemou4you,  reduction transmission long maybe month also read part vaccinate die great number unvaxxed covid death ok long coivd,Positive,Neutral,Neutral
2022-02-13 00:37:59,EosNoticiasSLP,  casi mil nuevos contagios de covid en slp,Neutral,Neutral,Neutral
2022-02-13 00:37:59,PhiCap3,  covid sra c dr sabatier dir cnrs france many old treatment wok prophylactic cure vit artemisia annua nigella v e r e c n,Positive,Neutral,Positive
2022-02-13 00:37:59,maik_weed_ing,  la gente alega que el gobierno hace nada con el covid otros alegan contra la restricciones otros contra la vacuna otros contra los antivacunas otros por el cierre de comercio imposible darles en gusto q todos,Neutral,Neutral,Positive
2022-02-13 00:37:59,andina_gama,  tel thing respect covid believe much different flu pfizer make billion fear vaccine mandate covid scam earth flat man much evidence proof nasa,Positive,Negative,Negative
2022-02-13 00:37:59,CryptoKing69420,  explain everything away covid rich people matter know pay silence inflation fault trucker beat go,Positive,Neutral,Negative
2022-02-13 00:37:58,MDemenchuk,  make least somewhat evident chance develop long covid greatly diminish vaccination hard tell base read,Negative,Neutral,Positive
2022-02-13 00:37:58,Carolinansousaa,  isso deve ser efeitos covid,Neutral,Neutral,0
2022-02-13 00:37:57,morgabaldissera,  eu fui convidada pra uma formatura agora fevereiro tava analisando possibilidade de ir dei conta que preciso reaver tempo perdido de conv vio social do anos de isolamento os sinais que eu recebo meu pai pega covid e eu trabalho de ter bado agora clown face,Positive,Neutral,Positive
2022-02-13 00:37:57,CarlosE36439965,  ele quase nem apareceu circo da cpi da covid e voc acha mesmo que ele vai colocar cara assim para indicar algu fl vio bolsonaro homem mais frouxo que j vi brabos mesmo eduardo e carlos bolsonaro fl vio uma vergonha como senador pronto falei,Neutral,Neutral,Positive
2022-02-13 00:37:57,ross81012257,  pointless tweet tory keep inferring covid god forbid flip flop score political point oops exactly,Neutral,Neutral,Positive
2022-02-13 00:37:57,MexTwitt,  el que quiere sabe puede entender la realidad de la masacre que represent para xico el pesimo manejo de la pandemia pues va entender ni aunque se le muera su madre de covid,Neutral,Neutral,Negative
2022-02-13 00:37:57,Showboat7,  give old acquaintance nyc day think covid mess thinking,Negative,Neutral,Positive
2022-02-13 00:37:57,DANNYCARLINO,  hey anti science stupid require minor leaguers date covid vaccination least likely affect see young soccer player develop heart problem europe give endthemandates,Negative,Neutral,Negative
2022-02-13 00:37:56,Lalo96714716,  si se masifico porque est lleno de gente en ruina por la crisis del covid que cree que se har millonaria con la criptomonedas por eso la hacen subir parece qu hay una adopci n pero la realidad e que cuando aparezca la primera sacudida salen todos corriendo en estampida,Neutral,Negative,Positive
2022-02-13 00:37:56,nabiilashn,  pengen main tp org pd covid,Positive,Neutral,Positive
2022-02-13 00:37:56,holeofholland,  funny towards covid first get fall symptom look,Positive,Neutral,Positive
2022-02-13 00:37:56,paulthacker11,  pfizer pull covid vaccine eau india pesky folk want independent study yes mean keep line put stuff body sure good,Positive,Positive,Positive
2022-02-13 00:37:55,LafcSelma,  covid testi,Neutral,Neutral,0
2022-02-13 00:37:54,melasu_da,  gente tanse sto en lo profundo de ustedes sin covid existe la econom porque la econom subsist gracias al covid viene una hostia financiera que soy capaz de imaginarme hagan acopio por amor de dios aunque pase nada act en ya porque esta todo bomb,Neutral,Neutral,Negative
2022-02-13 00:37:54,ItsColour,  vaccine solution vax rate covid would already besides covid thing consider ethical moral question scientific one actually care people respect perspective choice,Positive,Positive,Positive
2022-02-13 00:37:54,cansfield96,  passport work fine cost billion either representative westminster condone everything government do pandemic either shut hold head shame way party handle covid pan,Positive,Neutral,Negative
2022-02-13 00:37:53,JujuyPua,  hay de mil vacunas contra el covid disponibles en jujuy,Neutral,Neutral,Neutral
2022-02-13 00:37:53,OfthunderSon,  oil gas pay bill find hard way covid money go nm fast track rd world state thetruth,Negative,Neutral,Negative
2022-02-13 00:37:53,juliandipede,  positivo en covid negativo en cockbig,Neutral,Neutral,Neutral
2022-02-13 00:37:53,GabyTijman,  hay de mil vacunas contra el covid disponibles en jujuy,Neutral,Neutral,Neutral
2022-02-13 00:37:53,northofeden_,  day day negative test lft today show faint line ever see guess official covid man dance medium light skin tone,Negative,Negative,Negative
2022-02-13 00:37:52,SoberOptimist,  trudeau choice free willed man set tone commensurate proportional representation appointers minority govt poll ipsos say mandate effective hammer covid willfully amp defiantly even moderate knowing,Positive,Positive,Positive
2022-02-13 00:37:52,ksteven18644240,  hear get covid shot shingle flu shot well,Neutral,Neutral,Positive
2022-02-13 00:37:52,happycanuck1974,  discuss vax side affect diminish fact vaers website give hospital money covid patient count flu cold case covid push pcr test false positives attack florida buck system fund provs state vax pas system right thing,Negative,Neutral,Negative
2022-02-13 00:37:52,HeartsofOakUK,  heart oak podcast week jamie jenkins crunch covid stats expose government misinformation listen spotify pod app choice hit play clip play pause button covidstats,Neutral,Positive,Negative
2022-02-13 00:37:52,submarinojujuy,  hay de mil vacunas contra el covid disponibles en jujuy,Neutral,Neutral,Neutral
2022-02-13 00:37:51,TBoneStyle,  best friend husband unvaccinated last week icu fighting life covid natural immune system handle need oxygen steroid antibiotic shove statistic mind shine,Positive,Positive,Positive
2022-02-13 00:37:51,bill_smafia,  covid vaccine thing,Neutral,Neutral,Neutral
2022-02-13 00:37:50,ATL_Test_Watch,  covid test available today cv centerville highway snellville ga pm pm pm pm pm pm pm pm pm,Positive,Neutral,Positive
2022-02-13 00:37:49,AnnaStr76,  drop tyrannical mandate blockade necessary pm blackface know vax vax fail people still get covid flu people still spread wake f already honkhonk,Negative,Negative,Positive
2022-02-13 00:37:49,NastyOldWomyn,  excellent thread strike parallel tv lawyer comment ag garland tv medical expert comment handling covid mediation,Positive,Neutral,Positive
2022-02-13 00:37:49,cachita2021,  sexo digo seg n transmite el coba digo covid,Neutral,Neutral,Neutral
2022-02-13 00:37:49,mattFarris,  car covid misinformation sticker also stop railroad track man shrug,Neutral,Negative,Negative
2022-02-13 00:37:47,texasT_J,  one die westing mask die take bs dewormer drinking bleach get covid,Neutral,Negative,Positive
2022-02-13 00:37:47,fachrurrizkyy,  masa iya covid sih,Neutral,Neutral,Neutral
2022-02-13 00:37:47,guru_sc,  sc tem das crian de anos vacinadas contra covid segundo governo estado santa catarina g,Neutral,Neutral,Neutral
2022-02-13 00:37:47,Wpgcold,  child account world pop covid death cdn death age k death cdn covid account less stats say covid rank third kid concern science,Negative,Negative,Negative
2022-02-13 00:37:46,srhodes36,  could describe covid survivability say could describe nearly million american dead past two year,Negative,Negative,Negative
2022-02-13 00:37:46,WayzataMom2,  die time without get covid call die c,Neutral,Negative,Positive
2022-02-13 00:37:46,Jeffmw,  well recover covid need antibody test,Neutral,Neutral,Positive
2022-02-13 00:37:46,ParoledeVilaine,  j ai envie de sucre et de gras voil tellement que mon menu r v du moment ce serait entr e moules frites plat raclette et sa fondue moiti moiti dessert gaufres li geoises avec cr isigny bon dessert check mark button je sais pa si c est le covid ou l ennui grin face sweat,Neutral,Positive,Negative
2022-02-13 00:37:46,winendar_bisri,  cara merawat keluarga yang terinfeksi covid di rumah,Neutral,Neutral,Positive
2022-02-13 00:37:45,amazing7773,  takeindianstudentsbacktochina student chinese medical university stick india due covid travel resistriction sir major medicine online class valid plzz help us return china year,Negative,Neutral,Positive
2022-02-13 00:37:45,submarinojujuy,  hay de mil vacunas contra el covid disponibles en jujuy leelo completo en destacadas salud todosobreelcoronavirus,Neutral,Neutral,Neutral
2022-02-13 00:37:44,today_lincoln,  terrible child perish automobile accident last year covid flu,Negative,Negative,Negative
2022-02-13 00:37:44,the_real_yucob,  trucker protest french police fire tear gas protest covid via,Neutral,Negative,Neutral
2022-02-13 00:37:44,Willy33565753,  sure covid help country invest agriculture long bombing nigeria improvement,Positive,Positive,Positive
2022-02-13 00:37:44,Jenna15700674,  uhh pharmacy stock covid test rn try give away time,Neutral,Neutral,Positive
2022-02-13 00:37:44,jeffcalcagno,  never felt bad long covid sufferer struggle exercise,Negative,Neutral,Negative
2022-02-13 00:37:44,batalysta,  pretty much right schedule four new covid relate death ottawa saturday via,Positive,Neutral,Positive
2022-02-13 00:37:43,cmtjbc,  lie begin risk fractionally low vaccinate people still get covid work fact suggest get side truth quickly facist freedomconvoy,Positive,Neutral,Positive
2022-02-13 00:37:43,_doglizard,  literally bad thing covid nineteen nowhere go get tongue pierce,Negative,Negative,Negative
2022-02-13 00:37:42,DunandVictor,  et pour info en j ai de tas de gen qui le porte conscieusement et l chop au taf avec un masque passer h par jour pr de covid contamine,Neutral,Neutral,Negative
2022-02-13 00:37:42,enfermero_cesar,  ac vacunas cero covid,Neutral,Neutral,Neutral
2022-02-13 00:37:42,ldtestino,  msc get shout sec cardona part department arp star social medium campaign highlight school word everything fight covid give student teacher family tool need succeed,Negative,Neutral,Positive
2022-02-13 00:37:41,Straigh54166476,  freedom convoy police move trucker protest covid rule us canada border injunction issue via protestors may break law govt look charter right section subsection clause b work,Positive,Neutral,Positive
2022-02-13 00:37:41,StevePaul63,  serious pm do bad resign john major spring mind blair dodgy dossier amp death dr david kelly resign keir drink people illegally mps ignore covid rule even reporter resignation bojo,Negative,Negative,Negative
2022-02-13 00:37:40,ATL_Test_Watch,  covid test available today cv pleasant hill rd duluth ga pm pm pm,Positive,Positive,Positive
2022-02-13 00:37:40,angrygoatguy,  cool find social pat flynn interest able get fire product buy price vintage go crazy make video maybe speak collection look like covid smile face halo,Positive,Positive,Negative
2022-02-13 00:37:40,TammieWrampe,  probably well vaccine lol also take care get covid literally lose taste smell,Positive,Positive,Neutral
2022-02-13 00:37:39,ThisIsNotRealX,  covid restriction keep call mandate ozzies australian protest mandate shed light fact nothing suppose pandemic virus mandate,Positive,Neutral,Positive
2022-02-13 00:37:39,Taram52,  long ago send us covid icu patient next time keep,Negative,Neutral,Positive
2022-02-13 00:37:39,DiYBioinfo,  que voc v nesse gr fico de casos di rio de covid na dinamarca eu vejo claramente um plat deve ser por isso que chamam de fase end mica plat aparece n tido se vc virar tela graus,Neutral,Neutral,Neutral
2022-02-13 00:37:38,Violettgtz,  que poca ahora todo e covid,Neutral,Neutral,Positive
2022-02-13 00:37:37,JSchuurMD,  heart disease risk soar covid even mild case getvaccinated listen huckster scar incredibly rare vaccine side effect,Positive,Neutral,Negative
2022-02-13 00:37:37,Armadillito,  en temps impossible organiser avec le covid les restriction du nombre invit une certaine logique,Negative,Neutral,Negative
2022-02-13 00:37:37,CMRaulCampillo,  dr wilma wooten vital fight covid public health officer fixture sd since begin career faculty member ucsd dept family amp preventative medicine hhsa since,Positive,Neutral,Positive
2022-02-13 00:37:37,realdentarthur,  probably overdo wear n situation actually comfortable wear home outside except crowd avoid anyway covid,Positive,Neutral,Negative
2022-02-13 00:37:36,haziqariff__,  test positive covid really show actually care call texting every day people pretend care,Positive,Positive,Positive
2022-02-13 00:37:36,itsrAti0,  cool long new map mode game die even try put blame covid,Positive,Negative,Negative
2022-02-13 00:37:36,jw_lockhart,  covid book come late october assume similar pace,Negative,Neutral,Negative
2022-02-13 00:37:35,indigonmi,  eh impressionante que mesmo num hospital cheio de gente infectada com covid galera n usa scara direito tem idosa aqui sem scara,Neutral,Neutral,Positive
2022-02-13 00:37:35,Martude06,  ha sido tener el covid volver ser titular efectivamente woman shrug light skin tone,Positive,Neutral,Negative
2022-02-13 00:37:35,GadgieOld,  tell nothing covid though ugly bugger,Negative,Neutral,Neutral
2022-02-13 00:37:34,WiliamCruz0310,  opinion organize event without care covid irresponsible say problem get vaccinated lie give suspicious documentation lie organize child event contaminate lie company pro vaccine absurd,Negative,Negative,Negative
2022-02-13 00:37:33,ElevenRooneys,  whole covid b ruin much describe tweet distress honking comical,Positive,Negative,Negative
2022-02-13 00:37:33,PaulRoundy1,  protection severe disease omicron previous covid infection obviously advocate get infect previous vaccination nevertheless true,Positive,Neutral,Negative
2022-02-13 00:37:33,volunte28983615,  covid sweep new bill would require vaccine every california worker via,Positive,Neutral,Positive
2022-02-13 00:37:33,barbietrucker82,  covid around take science maybe little research vaccine body scare hell vaccinate imagine would feel whole truth start come,Positive,Negative,Negative
2022-02-13 00:37:32,Rich_pi_34,  k death covid stop lie number fudge include people die covid cause test even accurate either either way still zero justification vax mandate,Positive,Negative,Negative
2022-02-13 00:37:32,ATL_Test_Watch,  covid test available today cv mount vernon road suite atlanta ga pm pm pm pm pm pm pm pm,Positive,Neutral,Positive
2022-02-13 00:37:32,onahunttoday,  pfizer postpones covid vaccine child year old,Positive,Neutral,Positive
2022-02-13 00:37:32,Iam_moraks,  africa digital epidemiology innovation network adein conduct research covid vaccination exist barrier perceived effect among nigerian population kindly access questionnaire thank,Positive,Positive,Positive
2022-02-13 00:37:31,drevakosta_eva,  horrific sorry clearly person experience carnage covid vaccine bad mother child read text son post shameful,Negative,Negative,Negative
2022-02-13 00:37:31,sleepingscholar,  full thread important inequality deep shit covid distrust medical establishment vaccination come deep healthcare inequality everyone everyone us gouge healthcare get bitter,Positive,Negative,Positive
2022-02-13 00:37:31,Carl_Spackler99,  sterilize small pox anyone ever get breakthrough case small pox get vaccine sterilize eliminate virus covid vaccine sterilize simply preps immune system sure controversy,Neutral,Positive,Neutral
2022-02-13 00:37:30,JenG3313,  may ask test kiddos day symptom test curious emu kid sick october us adults sign covid take first day symptom negative make wonder,Negative,Negative,Neutral
2022-02-13 00:37:29,gstraightlife,  kevin falcon path b c liberal victory hammer ndp airborne covid,Neutral,Neutral,Positive
2022-02-13 00:37:29,Bcole1400,  virginia poison center urge caution potentially dangerous ingredient home covid test,Negative,Negative,Negative
2022-02-13 00:37:29,Nopanaden,  low covid mortality spanish child lisis de la mortalidad pedi trica en espa en,Neutral,Neutral,Negative
2022-02-13 00:37:29,ian_talia1738,  ruger forget vaccination card manager busy explain day get covid jab face tear joy face tear joy,Positive,Positive,Positive
2022-02-13 00:37:29,straightnews,  kevin falcon path b c liberal victory hammer ndp airborne covid,Neutral,Neutral,Positive
2022-02-13 00:37:29,RavynSkye2,  case realize mostly rcmp response teams government care bridge worth billion trade think government care health well come covid adorable,Positive,Positive,Positive
2022-02-13 00:37:28,MeridithOram,  would consider answer covid pcr pcr symptom go symptoms back rapid test new infection one triple boost n time thanks consider thanks lead way,Positive,Positive,Positive
2022-02-13 00:37:28,doc_synapse,  covid tata bye bye moment,Neutral,Neutral,Neutral
2022-02-13 00:37:28,JamesMerolla,  come back wilkes barre city use covid relief money build shitty ice rink middle public square,Neutral,Neutral,Negative
2022-02-13 00:37:28,chudwn2,  covid hit n get shit gear,Negative,Negative,Negative
2022-02-13 00:37:28,R_Quincy_ME,  sono un non vaccinato che ha preso il covid maniera asintomatica il trattamento genico sperimentale sarebbe per stato inutile il vaccino non immunizza ci si contagia e si infetta al pari di un non vaccinato,Neutral,Neutral,Negative
2022-02-13 00:37:27,NadiaAlix,  china approves use pfizer covid drug paxlovid business recorder,Neutral,Neutral,Neutral
2022-02-13 00:37:27,ZerounoTv,  covid sicilia nuovi contagi e morti,Neutral,Neutral,Positive
2022-02-13 00:37:27,ZerounoTv,  covid nuovi casi e decessi ore,Neutral,Neutral,Positive
2022-02-13 00:37:27,3ntrepreneur1,  interesting topic still mandate vaccine variation mutation continue regardless zero covid possible evidently almost moot important remain open mind different type treatment,Positive,Neutral,Positive
2022-02-13 00:37:27,traffickedout,  struggle real tell daughter huge ongoing crime wave know woman another activist twitter saw come math covid single woman easy prey,Positive,Neutral,Positive
2022-02-13 00:37:27,gillefond,  actually research team try study long term flu v covid symptom enough flu patient study learn make sense cont mask flu season avoid get sick future,Negative,Negative,Positive
2022-02-13 00:37:27,almost_bill,  non parlo con chi non bloccato da eric ding panic covid,Neutral,Negative,Negative
2022-02-13 00:37:26,QudachCA,  total people covid die new brunswick accord late number province covid dashboard,Negative,Negative,Neutral
2022-02-13 00:37:26,iamwhitneygayle,  pretty much la weekend solidify official end covid mask superbowl,Positive,Neutral,Negative
2022-02-13 00:37:26,keogh_glenn,  go collect forget itin explain receive aria year prior covid say nothing could ring tax office go aria cashier desk system take secs,Neutral,Neutral,Positive
2022-02-13 00:37:25,HausVonz,  vaccine actually gene therapy ivermectin useful treat covid even though manufacturer explicitly warn use question face rolling eye,Positive,Positive,Negative
2022-02-13 00:37:25,pabucumunvirusu,  derhal yumurta pandemisi getirile tez vakitte yumurtalar imha edile aa yumurta diyince bizim covid sava memmed akl geldi tavuklara zel bir ilgisi vard onun bir yliyim bakim bill zibidisinin sana yeni bir teklifi varm diyeyim ilgisini ekecek mi bakal,Neutral,Neutral,Neutral
2022-02-13 00:37:24,LucioRey17,  pero tenemos que hacer que la tragedia sea mayor tenemos que unirnos quitar este gobierno que ya sido da ino despiadado caro que el mismo covid,Neutral,Neutral,Neutral
2022-02-13 00:37:24,sadgalpriri,  fyi anyone take time due covid unpaid,Positive,Neutral,Negative
2022-02-13 00:37:24,sebastianhm04,  el deporte favorito del covid e arruinar plane smile face tear,Positive,Neutral,Positive
2022-02-13 00:37:24,UsernamePass7,  je pense que c tait une tentative bidon de se servir du covid pour reporter le lections ou de se maintenir de force mais vu que le virus est devenu un rhume il ne peut plus trafiquer le lections il ont essay imposer le vote correspondance mais n pa march,Neutral,Neutral,Negative
2022-02-13 00:37:24,linus08150,  auf die fresse oder die fresse mit oder covid prien,Neutral,Negative,Neutral
2022-02-13 00:37:23,ATL_Test_Watch,  covid test available today cv lawrenceville highway decatur ga pm pm pm pm pm pm pm pm pm pm pm pm pm,Positive,Neutral,Positive
2022-02-13 00:37:23,FerPinke,  sem covid e sem petralhada,Neutral,Neutral,Positive
2022-02-13 00:37:22,seo_zoom,  china approves use pfizer covid drug paxlovid business recorder,Neutral,Neutral,Neutral
2022-02-13 00:37:22,medicionverdad,  le va pedir ximo puig todos el pasaporte covid ah que es sociata entonces todos callados como haya alguna propaganda electoral soterrada por parte del gremio subvencionado eso estar fuera de lugar,Negative,Neutral,Negative
2022-02-13 00:37:22,milabigiu,  seconda parte comunicato pfizer agli azionisti prevede utili netto calo causa dell insicurezza del siero covid e della fine della psicopandemia crolla la farsa e os cosa faranno tiranni togliete tutte le restrizioni e ridate le libert ai popoli,Positive,Neutral,Positive
2022-02-13 00:37:22,ElioAlmaguer2,  el desempe cuba en relaci n la vacunaci n anti covid se destaca tanto entre los pa ses en desarrollo como en el mundo en su conjunto reconoci un sitio especializado,Neutral,Neutral,Neutral
2022-02-13 00:37:22,jwitker,  vaccine overwhelmingly prevent progression covid pneumonia hyper immune inflammatory phase happen absence adaptive immunity cause vascular systemic disease,Positive,Neutral,Negative
2022-02-13 00:37:22,mybxvt,  s falan kalmad ba g kafesim bo az ok r yor umar covid perileri de ildir,Positive,Neutral,Neutral
2022-02-13 00:37:21,Christi67545687,  simple mask hurt one help million spread catch covid wear mask virus case decline dramatically stay ask mask surgery want nurse surgeon anesthesiologist wear glove amp mask,Neutral,Neutral,Negative
2022-02-13 00:37:21,showtacyan20,  face open mouth grin face sweat pout face pout face pout face cozy jolf,Negative,Neutral,Negative
2022-02-13 00:37:21,letteragi,  covid il bollettino della sicilia del febbraio scendono solo ricoveri nuovi casi casi provincia di caltanissetta,Neutral,Neutral,Neutral
2022-02-13 00:37:21,longcovidadvoc1,  come covid though yet dismiss longcovid diagnosis overlap still possibly consider covid issue dismiss amaze ignorance around young course talk stigmatize,Positive,Neutral,Positive
2022-02-13 00:37:21,Hippie_Amish,  vaccinate mandate hospital chest pain month afterwards bedside nurse see many cardiac side effect also see help keep severe covid patient ventilator think individual choice,Positive,Neutral,Negative
2022-02-13 00:37:21,pecaro1,  los del pa todav saben que el covid e un v el virus se llama sars cov este e el nivel su nica pretensi n e extender propaganda falaz pseudocient fica generadora de odio distanciamiento social claro le pagan para ello,Negative,Neutral,Positive
2022-02-13 00:37:21,unofficialmagna,  raise hand light skin tone continue red hot form amp run riot win today reserve soccer ball st team manager amp goalkeeper away covid thing could tricky boy deliver pitch clap hand light skin tone yellow heart black heart yellow heart black heart,Positive,Positive,Negative
2022-02-13 00:37:20,genabeeps,  still believe stop spread covid,Neutral,Neutral,Neutral
2022-02-13 00:37:20,lokeshmadan444,  effective method control covid case india,Positive,Neutral,Positive
2022-02-13 00:37:20,pacurro55,  blog de paqurro covid tesorillo continuum el descenso en contagios,Neutral,Neutral,Negative
2022-02-13 00:37:20,fckdatgoose7,  fuck covid hope get good homie,Positive,Neutral,Positive
2022-02-13 00:37:20,HonyoustMary,  tell gym believe drink disinfectant get rid covid drink pee must believe horse dewormer work among wait texas dead jfk son return,Negative,Negative,Negative
2022-02-13 00:37:19,nertz007,  people call reporters initial intent go parliament hear trudeau go hide day covid ya right call son wife gdaughter gson daughter bunch racist genie,Positive,Negative,Positive
2022-02-13 00:37:19,LlcSamgo1,  keep invisible virus touch face mask protection covid airborne aerosol without use n mask simplicity make unbelievable physic make tangible,Negative,Neutral,Positive
2022-02-13 00:37:18,CraftyMoni,  feeling tire know covid good night sleep woman shrug,Positive,Positive,Positive
2022-02-13 00:37:18,yeatsdf,  first hospital list picture specialize sure rehabilitation hospital would covid patient second four hospital list include child hospital military hospital tiny hospital less bed,Positive,Neutral,Positive
2022-02-13 00:37:17,eclipseborn,  number east thing manipulate case case case many die covid positive test result state faulty cdc ahh number afraid case number stupid,Negative,Negative,Negative
2022-02-13 00:37:17,GreyReylo,  one word enough enough body science experiment amp take chance covid immune system reason,Neutral,Neutral,Positive
2022-02-13 00:37:17,WalterGeeSpot,  right cohort covid vax,Positive,Neutral,Neutral
2022-02-13 00:37:17,SoaringEagles50,  covid vaccine hiv protein,Neutral,Neutral,Neutral
2022-02-13 00:37:17,DIVINEFXMININE,  also depend lft use nasal one thin line know anyone manage get early covid december rule day iso matter daily testing bit research guess,Negative,Neutral,Positive
2022-02-13 00:37:17,gnfsunshine,  bbh say arm hurt covid make really anxious arm ache rn lol,Positive,Negative,Negative
2022-02-13 00:37:16,ClimateRealists,  riot police fire tear gas use baton freedom convoy demonstrator bring paris halt protest covid rule soar energy price via,Neutral,Neutral,Positive
2022-02-13 00:37:16,esjay100,  crazy exists side dem crazy currently make covid policy,Negative,Negative,Negative
2022-02-13 00:37:16,fivekidsnadog,  hospital capacity issue unscientific decision fire unvaxed hospital fire turn around rehire vaxed worker get covid,Neutral,Negative,Positive
2022-02-13 00:37:16,RibSte,  podem fazer assim como todo mundo hj dia faz exame de covid ante de gravar que n garante que pessoas n correm risco novela pantanal ser parada mesmo com testes vacina e etc mostra isso teste n garante de seguran,Neutral,Neutral,Positive
2022-02-13 00:37:16,SWAMPROCKIN,  ever cough hard chest feel like ring yeah bad time even covid moai,Negative,Neutral,Negative
2022-02-13 00:37:15,BilalRaaid,  berlin wall abolish reduce height soon covid come end fan generate revenue nt keep animal zoo give respect deserve also increase player fan interaction pull crowd ground,Neutral,Positive,Positive
2022-02-13 00:37:15,Rosemarys_Dream,  give need dos avoid severe covid variant worth mention less eligible population rd dose,Positive,Neutral,Negative
2022-02-13 00:37:14,Atipico1996,  covid infection triplicate risk death following month survive short term risk also long term complication yet government public happy remove every safety measure,Positive,Neutral,Positive
2022-02-13 00:37:14,nacion,  espa dona costa rica un mill n de vacunas de pfizer contra covid,Neutral,Neutral,Positive
2022-02-13 00:37:14,daforerog,  long term cardiovascular outcome covid,Negative,Neutral,Neutral
2022-02-13 00:37:14,ItaliaNotizie24,  covid nuovi casi e decessi ore,Neutral,Neutral,Positive
2022-02-13 00:37:13,KissMyCarol,  great discussion,Positive,Positive,Neutral
2022-02-13 00:37:13,ATL_Test_Watch,  covid test available tomorrow cvs fairburn rd douglasville ga pm pm pm,Positive,Neutral,Positive
2022-02-13 00:37:13,molsjames,  watch find successful doctor treat covid,Positive,Positive,Positive
2022-02-13 00:37:13,Steveb34069341,  unbelievably ridiculous comment risk life anxiety sky high actually understand covid year old father recover cough day bad cold couple week ago grow,Negative,Negative,Negative
2022-02-13 00:37:12,Eda76266953,  normalde kalp hastalar evet ama asi veya covid sonras ru mu ben de bilmiyorum ilgin taraf baz hastalarda akut nemde cl ferritin cpk probnp de ksek gidiyor kalp ile alakas var bilemiyorum,Neutral,Neutral,Neutral
2022-02-13 00:37:12,RamonPV,  share short video convoy doctor press conference yesterday ottawa please share hrs conference short video give people idea discuss none covid measure work,Neutral,Positive,Positive
2022-02-13 00:37:12,SAMSARAGX66BLUE,  catch covid er visit still fatigue right thing thumb light skin tone,Positive,Neutral,Negative
2022-02-13 00:37:11,BabboChiquita,  inter ha giocato con la rosa al completo tutto l anno napoli e milan tra infortuni e covid sono state massacrate per mesi e sono solo punto os stanno recuperando dagli imfortuni l inter ha finito le cartucce sono stanchi senza turnover spiaze,Neutral,Positive,Positive
2022-02-13 00:37:11,FakeNewsCNN202,  nfl find cure covid virus face tear joy heard one nfl player coach anyone connect nfl test positive face tear joy odd money face tear joy go put ram bengal qb quarantine super bowl face tear joy,Positive,Positive,Positive
2022-02-13 00:37:10,jainebranquinho,  eu com sintomas de covid e meus pais aqui babi eles contra vacina n vacinaram cabe dura sou vacinada com dor corpo inteiro n posso nem chegar perto poca horr vel,Neutral,Neutral,Neutral
2022-02-13 00:37:10,WandBSports,  he covid protocol tf game face tear joy,Positive,Positive,Positive
2022-02-13 00:37:10,MsStarr7,  animal use drug human get point ivermectin use clearly skip mine veterinarian still use covid reason refer patient emergency care back hour animal die w policy,Positive,Neutral,Negative
2022-02-13 00:37:10,2Trlc0che,  ben un peut car la grippe est une fois par le covid entre et pic par an,Neutral,Neutral,Positive
2022-02-13 00:37:09,bigandtall44,  basically say well person symptom covid death bed suspect covid though test negative die test post mortem mark presumed positive admit nj health department,Negative,Negative,Positive
2022-02-13 00:37:08,shreekanthv,  make mistake pfizer vaccine solve covid create generation unhealthy people medical industrial complex run permanently imagine pharma industry make billion unhealthy ppl new drug mitigate covid vaccine side effect,Negative,Negative,Negative
2022-02-13 00:37:08,mikercameron,  around people strike lighten year know condition individual one adverse condition around time likely die get covid strike lightning people really need good understanding risk,Positive,Negative,Positive
2022-02-13 00:37:08,consul_first,  could civilian shadow covid care nurse two year think could ok job,Positive,Positive,Negative
2022-02-13 00:37:08,PoohBea04909601,  exactly cold flu fairly healthy willing bet rest life long covid,Positive,Neutral,Positive
2022-02-13 00:37:07,QueenGeog,  good thinking blame covid hardly sleep slow brain today xx,Positive,Neutral,Positive
2022-02-13 00:37:07,means_over,  anything healthcare system good fact people fat unhealthy diabetic even mask people think fat okay get pull hospital obesity bad thing covid,Positive,Neutral,Negative
2022-02-13 00:37:07,samanth77470710,  covid january book angiogram,Neutral,Neutral,Positive
2022-02-13 00:37:06,vickersty,  yes vitamin vitamin essential health controversial prevent covid per se enough bad also safe preventative health measure general everyone take consideration,Positive,Positive,Positive
2022-02-13 00:37:06,Libero_official,  bollettino covid febbraio nuovi contagi e decessi sia ricoveri ordinari che quelli terapia intensiva sono calo per il quinto giorno consecutivo,Neutral,Neutral,Positive
2022-02-13 00:37:06,jennyyyyc,  think covid year ago roll floor laugh really hella sick like january year,Negative,Neutral,Neutral
